,drivers_predicted,calls_predicted,sick_predicted
0,2082.07873490517,10017.8661280726,78.12176095612125
